{
  "wavelengths_nm": [
    730,
    760,
    810,
    850,
    880,
    910,
    940,
    970
  ],
  "weights": [
    5.269676,
    -155.895746,
    765.093419,
    189.092378,
    -2733.407546,
    2338.146034,
    -488.181693,
    69.768454
  ],
  "intercept": 9.942072,
  "harvest_threshold_pct": 15.0,
  "ncomp": 8
}
